John Doe,johndoe,123456789,johndoe@example.com,8c6976e5b541041a46b9b5d5a9e11601
Jane Smith,janesmith,987654321,janesmith@example.com,9a1158154dfa0f7a84ad144e8e52a6
Michael Johnson,michaelj,456789123,michaelj@example.com,c4ca4238a0b923820dcc509a6f75849b
Alicia Brown,aliciab,654321987,aliciab@example.com,3f2306b99b96a1254c0804a4e3d70037
Robert Davis,robdavis,789123456,robdavis@example.com,8c25bd17e6c88e7e1dd0a73cb734ea19
Laura Miller,lauram,321987654,lauram@example.com,3a2bb2d3de82bc27d7ccfd3b5f570367
William Wilson,willw,876543219,willw@example.com,60297de63b7c7f485ca4e6d7d7e05150
Jennifer Lee,jenniferl,234567890,jenniferl@example.com,71c480df93d6b9b9c1db1e078b45ed16
Charles Harris,charlesh,567890123,charlesh@example.com,5a8378d51e1617893aa1a21eb93dd7c7
Emily White,emilyw,789012345,emilyw@example.com,bd52a5067f0b8b2b4b38374b4c96a73
Sarah Johnson,sarahj,987654321,sarahj@example.com,9a1158154dfa0f7a84ad144e8e52a6
David Wilson,davidw,456789123,davidw@example.com,c4ca4238a0b923820dcc509a6f75849b
Olivia Smith,olivias,321987654,olivias@example.com,8c25bd17e6c88e7e1dd0a73cb734ea19
Benjamin Lee,benjaminl,654321987,benjaminl@example.com,60297de63b7c7f485ca4e6d7d7e05150
Grace Davis,graced,789012345,graced@example.com,3a2bb2d3de82bc27d7ccfd3b5f570367
Thomas Brown,thomasb,123456789,thomasb@example.com,3f2306b99b96a1254c0804a4e3d70037
Ella Smith,ellas,987654321,ellas@example.com,71c480df93d6b9b9c1db1e078b45ed16
James Wilson,jamesw,456789123,jamesw@example.com,bd52a5067f0b8b2b4b38374b4c96a73
Sophia Taylor,sophiat,321987654,sophiat@example.com,5a8378d51e1617893aa1a21eb93dd7c7
Lucas Harris,lucash,987654321,lucash@example.com,8c6976e5b541041a46b9b5d5a9e11601