John Smith,jsmith01,123456789,$2a$12$XU4sikQ6ZOXsiMeQuvhXj./j2z.uDctR0uQVMxw3P/NT5T3z5C20G,jsmith01@email.com,1,1
Sarah Johnson,sjohnson02,987654321,$2a$12$n7tBps6z9cKEFV03.mtYPeKToZZPpyKiFrJ4X0kKbUtRKFr/4rI72,sjohnson02@email.com,2,2
Michael Williams,mwilliams03,234567890,$2a$12$ncBeUHd4I2SDntZW2q1sl.IKGRuyUOf5InRk6XjsRWZ.N9GgXXqtS,mwilliams03@email.com,3,3
Emily Davis,edavis04,876543219,$2a$12$.2m2iym.YAA1DhQQ0LUIPOQRzom/oyRk0vdTmP5Dhwa01W9/AOKcS,edavis04@email.com,4,4
James Wilson,jwilson05,345678901,$2a$12$qnXOqIJ2JeAM7mP4hqW.FWezjWUuJ1Yw3N3x0y9T95vG0exkCmDjE,jwilson05@email.com,5,5
Emma Brown,ebrown06,987123456,$2a$12$eqYc4gLhWTTle42ZLop4h.aDnU8H/Se8mDIDPeM/WjxCM2Bb3tdES,ebrown06@email.com,6,6
William Lee,wlee07,654321789,$2a$12$8GEnPFodtm/6cvKfJ1Bv3exRKiC75VrsiJktVG6rq2yXsBxjWEVHa,wlee07@email.com,7,7
Olivia Clark,oclark08,789123456,$2a$12$a7QbO7P0v1S4XTecpl7RBObq9XxWV/JJEE9abxc0VJiRBOvHPEsQG,oclark08@email.com,8,8
Benjamin Hall,bhall09,987654321,$2a$12$2N5Bsoa7KsUDyJkqDBtNfusHd/mgYncUVBAP7iRzIs6B.4ziMiTRi,bhall09@email.com,9,9
Sophia Miller,smiller10,234567890,$2a$12$f6rC5NRcf2pJwncGt.z7DOUbj4ifDoO7fUE7B3vDDk2CgoO7H/TsK,smiller10@email.com,10,10
Samuel White,swhite11,123456789,$2a$12$yMKHSSlyAIC6GcEeZrH8ie4R6IQmNlunyUHPcEd9bT9HsOIE63tci,swhite11@email.com,11,11
Daniel King,dking13,987123456,$2a$12$tG3MncuIj.UujEiE.VYt1uhyMNRBq6p0FzPYu8PZ7zXXIdS6NWDkm,dking13@email.com,12,12
Mia Wright,mwright14,234567891,$2a$12$Uv3q9kJ34QWj01Lk1jsTTuNXxSD.G2qXk/ygBB5xd5Fob3okgRsRm,mwright14@email.com,13,13
Joseph Garcia,jgarcia15,567891234,$2a$12$1YwqV3L2IZISL7G14okg3.r2zSyvZPimrCEb4qB7Fd/ZG5DLg6wwC,jgarcia15@email.com,14,14
Abigail Lopez,alopez16,123456789,$2a$12$7rJZ3T3D7D84SWpBfBc2vKtESy/AQx7rpKcnb/xuYCO7MkqCJHIny,alopez16@email.com,15,15
David Martinez,dmartinez17,654321789,$2a$12$Kq4H3VpFr1JGclpNpGAS7.jDtp2A3Gxu8nvHAD0OnNabGmO8Dr98q,dmartinez17@email.com,16,16
Chloe Scott,cscott18,789123456,$2a$12$siKu.3Gc1xlOVAPVDeoHnu.l4kqCMe0tA.Vu..tdLB7ncmKfz4WMu,cscott18@email.com,17,17
Samuel Turner,sturner19,987123456,$2a$12$EqyM/DeGb3sttRBXli2QiO/r8d9yYyGAI9Z8oqq6bzdb4P3Xsbhwq,sturner19@email.com,18,18